CVE_ID,Description,Protocol
request-1,"A vulnerability in the way the application handles file uploads permits an attacker to upload malicious files masquerading as legitimate document types. This issue occurs due to inadequate file type checks and a lack of validation on the contents of uploaded files. An attacker could exploit this weakness to execute arbitrary code on the server side, leading to potential remote code execution and full system compromise. The absence of security measures such as file size restrictions and content validation exacerbates the risk, allowing for significant negative impacts on data integrity and confidentiality.",None
request-2,"A vulnerability in the file upload feature of a web application allows an attacker to upload malicious files that contain executable code. This issue occurs due to insufficient file type validation and a lack of restrictions on executable file permissions. By exploiting this flaw, an attacker can execute arbitrary code on the server, potentially leading to a complete system compromise. The vulnerability arises from the application's failure to properly assess the content and nature of uploaded files, as well as inadequate security measures in place to segregate user-uploaded content from sensitive application directories. This can result in unauthorized access to the underlying server and its data.",None
request-3,"A vulnerability exists in the input validation process of a web application, which can be exploited via crafted HTTP POST requests. The flaw allows attackers to inject malicious scripts that execute in the context of the user's browser, leading to potential cross-site scripting (XSS) attacks. By leveraging this vulnerability, an attacker can steal cookies, session tokens, or other sensitive data, thus compromising user accounts and performing actions on behalf of legitimate users without their consent. This vulnerability arises from the application's failure to adequately sanitize user input, highlighting the importance of implementing proper input validation procedures.",None
request-4,"A vulnerability exists in the way the application handles user input, allowing for an arbitrary code execution through a crafted file upload. By exploiting this flaw, an attacker can upload a specially designed executable that the application inadvertently executes with higher privileges. The issue stems from improper sanitization of file types and failure to restrict execution permissions on the server, making it possible for the attacker to take control of the system and compromise sensitive data. This vulnerability emphasizes the necessity for thorough input validation and strict file handling protocols within web-based applications.",None
request-5,"A vulnerability in the input validation process of the web application allows an attacker to execute arbitrary code through a specially crafted JSON payload. The application fails to properly sanitize user input, leading to the possibility of remote code execution when the payload is processed. This flaw can be exploited by an attacker to inject malicious scripts, which can then lead to unauthorized access to the system’s underlying resources or sensitive data leaks. This issue is particularly concerning as it might enable an attacker to gain escalated privileges within the affected system without the need for network-based protocols.",None
request-6,"A vulnerability in the input validation process of a web application allows for the execution of arbitrary code through crafted user input. The flaw lies in the application’s failure to properly sanitize input fields, leading to a path traversal attack. By exploiting this vulnerability, an attacker can manipulate file paths to access restricted server files or execute malicious scripts. This issue is exacerbated by the system’s reliance on outdated libraries that do not enforce strict security measures, ultimately compromising the integrity and confidentiality of the application's data and functionality.",None
request-7,"A vulnerability in the input validation routine of an application allows an attacker to inject arbitrary code through specially crafted input fields. This issue occurs when the application fails to properly sanitize user input, leading to an execution of unintended commands within the system. By exploiting this flaw, an attacker can gain elevated privileges and execute malicious payloads, resulting in a potential compromise of sensitive data and overall system integrity. This vulnerability highlights the importance of implementing rigorous input validation and adhering to secure coding practices to protect against injection attacks.",None
request-8,"A vulnerability in the input validation process of a web application allows an attacker to execute arbitrary JavaScript code in the context of a victim's web browser. This issue stems from the failure to properly sanitize user input before rendering it in the user interface, leading to a Cross-Site Scripting (XSS) attack. By exploiting this vulnerability, an attacker can manipulate the display of the application, steal sensitive cookies, or perform actions on behalf of the user without their consent. The lack of proper escaping of dynamic content enables the injection of malicious scripts, compromising user data and session integrity without involving any standard network protocols.",None
request-9,"A vulnerability in the file upload functionality of the web application allows an attacker to upload malicious files due to improper validation of file types. This misconfiguration permits the execution of arbitrary code on the server, potentially leading to remote code execution and unauthorized access to sensitive data. The flaw stems from the application’s reliance on user-supplied input for file uploads without adequate security controls, enabling attackers to exploit this weakness and compromise the integrity of the server.",None
request-10,"A vulnerability in the input validation process of a web application allows an attacker to perform cross-site scripting (XSS) by injecting malicious scripts into user input fields, which are then executed in the browsers of other users. This flaw enables the attacker to steal session tokens, manipulate user sessions, or redirect users to harmful sites. The root cause of this issue is insufficient sanitization of user inputs, which fails to properly escape or encode output, thereby allowing scripts to run in the context of another user’s session, potentially leading to significant security risks and data exposure.",None
request-11,"A vulnerability exists within the web application's input validation routine, where user-supplied data can be improperly handled, leading to the potential for SQL injection attacks. This flaw allows an attacker to manipulate database queries by crafting malicious input, potentially revealing confidential data or altering database contents. The root cause lies in the application failing to sanitize user input effectively before passing it to the database layer, thereby compromising data integrity and security. Additionally, this vulnerability can be exploited without any need for network-based protocols, making it critical for developers to implement robust validation and sanitization mechanisms to mitigate such risks.",None
request-12,"A vulnerability exists in the file upload functionality of the web application, which fails to properly validate file types and sizes. This oversight allows an attacker to upload a malicious executable file disguised as a harmless image, leading to remote code execution on the server. The lack of proper security measures, such as thorough content inspection and restrictions on executable file types, increases the risk of exploitation, allowing attackers to compromise the server environment and potentially access sensitive data or escalate privileges within the system.",None
request-13,"A vulnerability in the input validation process of a web application allows an attacker to perform cross-site scripting (XSS) attacks by injecting malicious scripts into user-generated content. This flaw arises from the application’s failure to properly sanitize input before reflecting it back to the user interface. By exploiting this vulnerability, an attacker can execute arbitrary JavaScript code in the context of another user's browser, leading to potential theft of session cookies, sensitive data exposure, and unauthorized actions on behalf of the user. The issue is exacerbated by insufficient content security policies and lack of security measures against content injection.",None
request-14,"A vulnerability in the web application framework allows for improper input validation, leading to SQL injection attacks. An attacker can exploit this flaw by crafting malicious SQL queries that can manipulate the database in unexpected ways. Unsanitized user inputs that directly interact with the database can result in unauthorized data access, data modification, and in some cases, even full control over the backend database server. This issue is compounded by the framework's failure to implement parameterized queries, making applications susceptible to this type of injection attack, with severe implications for data integrity and confidentiality.",None
request-15,"A vulnerability exists in the file handling component of the application that allows an attacker to execute arbitrary code on the system. This flaw arises due to improper validation of user-uploaded files, where an attacker can upload a malicious file that is treated as executable. The absence of thorough checks on file types and content enables an attacker to exploit this weakness, potentially leading to full system compromise. This issue is exacerbated by the lack of restrictions on file execution paths, allowing malicious payloads to run with the same privileges as the application, thereby posing a significant risk to the server and its data.",None
request-16,"A flaw in the web application's input validation process allows remote attackers to inject malicious SQL queries through user input fields. This SQL injection vulnerability stems from the inadequate sanitization of data processed by the application before it interacts with the database. By exploiting this issue, an attacker can manipulate database queries, potentially leading to unauthorized data access, data leakage, or even complete control over the database. This vulnerability highlights the critical need for robust input validation and parameterized queries in database interactions to mitigate risks associated with injection attacks.",None
request-17,"A vulnerability in the file upload functionality of a web application allows an attacker to upload malicious files disguised as legitimate ones. This issue is due to inadequate file type validation and lack of sufficient server-side protections against executable code execution. By exploiting this flaw, an attacker could execute arbitrary code on the server, potentially leading to a complete system compromise or unauthorized access to sensitive data. This vulnerability underscores the importance of implementing rigorous file validation mechanisms and server policy configurations to mitigate the risk of malicious file uploads.",None
request-18,"A vulnerability exists in the input validation process of a web application, allowing an attacker to perform cross-site scripting (XSS) attacks. This flaw arises when user-supplied data is not properly sanitized before being rendered in the web page's content. As a result, an attacker can inject malicious scripts that execute in the context of other users' browsers, potentially leading to credential theft, session hijacking, and defacement of the application. The issue is compounded by insufficient security policies and lack of content security measures, which fail to restrict script execution, exposing users to significant risks while interacting with the affected site.",None
request-19,"A vulnerability in a web application’s input validation allows an attacker to perform cross-site scripting (XSS) attacks. This flaw occurs when user-supplied data is not properly sanitized before being rendered back to the user, enabling the injection of malicious scripts into web pages viewed by other users. By exploiting this weakness, an attacker can execute arbitrary JavaScript in the context of the victim's browser, potentially stealing session cookies, redirecting users to malicious websites, or displaying false content that could lead to further security incidents. This vulnerability stems from inadequate encoding of output and insufficiently stringent controls over user input, posing significant risks to user trust and data integrity.",None
request-20,"A vulnerability exists in the file handling component of a popular content management system (CMS) that permits users to upload arbitrary files without sufficient validation. An attacker can exploit this flaw to upload malicious scripts disguised as image files. When these files are executed on the server, they can lead to remote code execution, allowing the attacker to take control of the server, manipulate data, or launch further attacks on connected systems. This issue is particularly critical as it arises from the absence of stringent file type validation and misconfigurations in server settings, exposing the application to substantial security risks.",None
request-21,"A vulnerability exists within the user input processing module of the web application, where improper sanitization of input data allows attackers to inject malicious scripts. This flaw can be exploited through cross-site scripting (XSS) attacks, enabling the manipulation of web content and potentially leading to session hijacking or the disclosure of sensitive user information. The issue stems from a lack of adequate validation and encoding of user-generated content, which poses a significant risk, especially in environments that rely heavily on user interaction and trust.",None
request-22,"A vulnerability in the input validation process of a web application allows an attacker to inject malicious scripts into user-generated content. This cross-site scripting (XSS) vulnerability can enable the execution of arbitrary code in the context of other users' browsers, leading to session hijacking, redirection to malicious websites, or disclosure of sensitive information. The flaw results from an improper sanitization procedure when handling HTML inputs, which fails to escape special characters, thereby facilitating the injection of executable JavaScript into the page. As a consequence, attackers can manipulate user sessions and potentially compromise user accounts without the need for direct network exploitation.",None
request-23,"A vulnerability in the file upload functionality of a web application enables an attacker to execute arbitrary code on the server by uploading a malicious file disguised as an image. This occurs due to inadequate validation of file types and improper handling of uploaded content. Exploiting this flaw allows an attacker to gain control of the server, potentially leading to further exploitation of the hosting environment and the extraction of sensitive data. The issue highlights the need for stringent file type verification and secure coding practices to mitigate risks associated with file uploads.",None
request-24,"A vulnerability exists in the input validation mechanism of a web application, where user-supplied data is insufficiently sanitized before being processed. This flaw allows an attacker to inject malicious scripts, leading to cross-site scripting (XSS) attacks. When a victim visits the compromised page, the injected scripts can execute within the context of their browser, potentially stealing sensitive information such as cookies and session tokens. The vulnerability stems from improper handling of HTML content and insufficient encoding of output data, creating opportunities for data theft and user impersonation.",None
request-25,"A vulnerability exists in the input validation process of a web application that allows an attacker to perform Cross-Site Scripting (XSS) attacks. This issue arises when user-generated content is dynamically rendered on the page without proper sanitization. An attacker can inject malicious scripts into the application, which will then be executed in the context of other users' browsers. This could lead to the theft of session cookies, defacement of the website, or redirecting users to malicious sites, ultimately compromising user data and undermining the integrity of the application.",None
request-26,"A vulnerability in the file upload functionality of the web application allows an attacker to execute arbitrary code on the server by uploading a maliciously crafted file. This issue is due to improper validation of file types and sizes, permitting users to bypass restrictive access controls. Once uploaded, the attacker can trigger the execution of the code by accessing the file via a direct URL, potentially leading to a full compromise of the application's server environment. This vulnerability underscores the importance of implementing stringent input validation and access controls within web applications to mitigate such risks.",None
request-27,"A vulnerability in a web application’s input validation process allows users to submit specially crafted data that can lead to a reflective Cross-Site Scripting (XSS) attack. The flaw exists in the way the application processes and renders user inputs without proper sanitization, enabling attackers to inject malicious scripts into the web pages viewed by other users. This can result in unauthorized actions taken on behalf of the victim, exposure of sensitive information, and phishing attempts, thereby compromising the integrity and confidentiality of user interactions on the platform.",None
request-28,"A vulnerability in the input validation process of a web application allows an attacker to inject malicious scripts via the user input fields. This flaw arises from improper sanitization of input data, which can lead to cross-site scripting (XSS) attacks. By crafting a specially designed input, an attacker can execute arbitrary JavaScript in the context of the victim's browser, potentially leading to unauthorized actions, session hijacking, or exposure of sensitive information. This issue emphasizes the importance of robust input validation and output encoding mechanisms to mitigate risks associated with user-generated content.",None
request-29,"A vulnerability exists in the file upload functionality of the web application that allows attackers to upload malicious files disguised as innocuous types, such as images or documents. The application fails to adequately validate the MIME types and file extensions, enabling attackers to execute arbitrary code on the server upon interaction with the uploaded files. This issue is compounded by the lack of proper access controls and sanitization mechanisms, which could lead to remote code execution or the compromise of sensitive server data. As a result, administrators are urged to implement stricter file validation and scanning measures to mitigate this risk.",None
request-30,"A vulnerability in the web application's input validation process permits attackers to inject malicious SQL commands into user-supplied data fields. This flaw arises from the failure to properly sanitize input, allowing for SQL injection attacks that can manipulate the underlying database. An attacker can exploit this issue to execute arbitrary SQL queries, potentially leading to unauthorized data retrieval, data modification, or even full control over the database management system. This vulnerability emphasizes the necessity of using prepared statements and parameterized queries to safeguard against such injection threats.",None
request-31,"A vulnerability in the file upload functionality of a web application allows an attacker to upload malicious scripts disguised as legitimate files. This issue occurs due to improper validation of file types and lack of sufficient sanitization measures before processing the uploaded files. As a result, the attacker can execute arbitrary code on the server or compromise user data by leveraging the uploaded files to conduct remote code execution or cross-site scripting (XSS) attacks. This vulnerability can lead to serious breaches of security, allowing unauthorized actions and access to sensitive information stored within the application.",None
request-32,"A vulnerability in the image processing library used by an application allows an attacker to exploit a buffer overflow condition by submitting specially crafted image files. This can lead to arbitrary code execution on the server, allowing the attacker to take control of the affected system. The issue stems from improper handling of image metadata, where certain inputs can exceed the allocated buffer size, resulting in memory corruption. If successfully exploited, this vulnerability could enable attackers to execute malicious payloads and perform actions that compromise the integrity and confidentiality of the affected system.",None
request-33,"A vulnerability exists in the parsing of user input within the configuration management interface of the application. Specifically, the application fails to properly sanitize and validate configuration file submissions, allowing an attacker to inject malicious code. This could lead to arbitrary code execution on the server hosting the application, compromising the integrity of the entire system. The flaw stems from insufficient input validation mechanisms, enabling attackers to manipulate application configurations to execute unauthorized commands, which may cause significant data loss or system misconfigurations.",None
request-34,"A vulnerability in an application’s input validation process allows an attacker to execute arbitrary code by supplying specially crafted input. The affected software fails to properly sanitize user inputs, leading to a potential remote code execution scenario. This weakness enables attackers to manipulate the input fields in the application, which could result in the execution of malicious payloads on the underlying system. As a result, sensitive data may be compromised and system integrity may be significantly threatened. This issue highlights the critical importance of robust input validation mechanisms within software development practices.",None
request-35,"A vulnerability in the file upload functionality of a web application permits an attacker to upload malicious code disguised as a legitimate file. Due to improper file type validation, the application fails to ensure that uploaded files are safe for execution on the server. An attacker can exploit this vulnerability by crafting a specially named executable file that the server incorrectly allows, leading to remote code execution and a potential takeover of the affected system. This flaw is exacerbated by insufficient logging mechanisms, which hinder detection efforts after the attack has occurred.",None
request-36,"A vulnerability in the input validation process of a web application allows an attacker to perform SQL injection attacks. By injecting malicious SQL queries into input fields, the attacker can manipulate the database operations, resulting in unauthorized disclosure of sensitive data, data integrity issues, or even complete database compromise. This issue is due to the application’s failure to sufficiently sanitize user input, making it susceptible to exploitation. Proper parameterized queries and validation mechanisms are required to mitigate this security risk and protect the integrity of the application's database.",None
request-37,"A vulnerability exists in the file upload functionality of a web application, which allows an attacker to execute malicious scripts on the server. The flaw is due to inadequate sanitization of file types and extensions, enabling the attacker to upload a specially crafted file containing executable code. This issue can lead to remote code execution, giving the attacker full control over the affected server. Additionally, the lack of proper access controls on uploaded files exacerbates the risk, as it exposes the server to further exploitation and data leakage.",None
request-38,"A vulnerability exists in the file upload functionality of a web application that allows an attacker to upload malicious files masquerading as legitimate file types. This flaw is due to insufficient validation of file extensions and MIME types, permitting the execution of arbitrary code on the server. An attacker could exploit this vulnerability to gain remote access to the system, execute shell commands, or manipulate backend services, leading to potential data compromise and unauthorized administrative actions. The issue highlights the importance of implementing robust file validation and security controls in web applications to prevent such exploitation.",None
request-39,"A vulnerability in the file upload functionality of the web application allows an attacker to execute arbitrary code on the server. The issue is caused by improper validation of file types, which lets an attacker upload malicious scripts disguised as image files. Once uploaded, these scripts can be executed by the web server, leading to unauthorized access to the underlying system and potential data theft. This flaw stems from a lack of adequate security controls and input sanitization, making it a critical risk for organizations relying on this application for handling user-generated content.",None
request-40,"A vulnerability in the file upload functionality of a web application allows an attacker to upload malicious files disguised as legitimate file types. This issue stems from improper validation of file extensions and MIME types, enabling the execution of arbitrary code on the server. An attacker can exploit this flaw to gain unauthorized access to the server environment, potentially leading to data exfiltration, system compromise, or further attacks on internal networks. The lack of thorough security controls for handling file uploads poses significant risks to the integrity and confidentiality of the system.",None
request-41,"An improper input validation vulnerability in the web application allows an attacker to execute arbitrary code by sending specially crafted requests to the server. This flaw allows an attacker to bypass security restrictions and gain control over the server environment, potentially leading to full system compromise. The issue is compounded by the application’s failure to sanitize user input properly, which could allow for various types of injection attacks. If exploited, this vulnerability could expose sensitive data, escalate privileges, and impact the confidentiality and integrity of the system.",None
request-42,"A vulnerability exists in the file upload feature of the web application, where improper validation of file types allows an attacker to upload malicious scripts instead of legitimate files. This flaw arises from the application failing to adequately check file extensions and MIME types, enabling an attacker to execute arbitrary code on the server. As a result, an attacker can exploit this vulnerability to gain unauthorized access to sensitive data, escalate privileges, or perform further attacks on the underlying infrastructure, leading to potential system compromise and data loss.",None
request-43,"A vulnerability in the web application’s input validation process can lead to cross-site scripting (XSS) attacks. An attacker can inject malicious scripts into input fields that are not properly sanitized. When other users interact with the compromised pages, the injected scripts execute within their browsers, potentially leading to unauthorized access to session tokens and sensitive information. This weakness stems from a failure to recognize and filter out harmful scripts in user input, resulting in a significant security risk to users of the web application.",None
request-44,"A vulnerability in the input validation functionality of a web application permits an attacker to inject malicious JavaScript code into user profiles. This cross-site scripting (XSS) flaw allows the attacker to execute arbitrary scripts in the context of users' browsers, enabling them to steal session cookies, redirect users to malicious sites, or perform actions on behalf of the user without their consent. The lack of adequate sanitization of user inputs contributes to the exposure of this vulnerability, which could lead to severe impacts on user privacy and application integrity.",None
request-45,"A vulnerability in the file upload functionality of the web application allows an attacker to upload arbitrary files, potentially leading to remote code execution. This occurs due to inadequate validation of file types and extensions, allowing malicious executable files to be uploaded and executed on the server. By exploiting this flaw, an attacker could gain control over the affected system, access sensitive data, and deploy further attacks on the infrastructure. The issue is exacerbated by the lack of proper security measures in place to restrict executable file permissions and to scan uploads for malware.",None
request-46,"A vulnerability exists in the web application that allows remote code execution due to improper input validation in the file upload feature. An attacker can upload a malicious script disguised as an image file, which, when executed by the server, can lead to complete system compromise. This flaw is exacerbated by the lack of proper file type checks and insufficient use of secure coding practices, opening the door for attackers to execute arbitrary commands on the server, potentially affecting the integrity and confidentiality of the entire application environment.",None
request-47,"A vulnerability exists in the input validation of a popular web application framework that allows an attacker to exploit a reflected cross-site scripting (XSS) flaw. By crafting a malicious URL containing specially formatted input, an attacker can execute arbitrary JavaScript code in the context of a victim’s browser. This could lead to theft of session cookies or user credentials, enabling further attacks such as account takeover. The root of the issue lies in the framework's failure to adequately sanitize user inputs before rendering them in dynamic web pages, thus exposing users to potential malware and phishing threats.",None
request-48,"A vulnerability exists in the processing of user input by a web application that allows for SQL injection attacks. Unsanitized inputs can be exploited by an attacker to execute arbitrary SQL commands in the application's database, potentially leading to unauthorized access to sensitive data, manipulation of database records, or complete database compromise. This flaw is attributed to a lack of prepared statements and proper input validation, making it easy for malicious actors to craft input that alters the intended queries performed by the application.",None
request-49,"A vulnerability in a web application allows an attacker to inject malicious scripts into user input fields due to improper sanitization. This flaw may lead to Cross-Site Scripting (XSS) attacks, enabling the attacker to execute arbitrary JavaScript in the context of other users’ browsers. Users who interact with the affected application may unknowingly reveal sensitive data, such as session cookies or personal information, which can be exploited to conduct further attacks or impersonate legitimate users. This security weakness stems from an inadequate handling of input validation and output encoding mechanisms, highlighting the need for enhanced defensive programming practices.",None
request-50,"A vulnerability in the input validation process of a web application can lead to arbitrary code execution. The application fails to properly sanitize user inputs before processing them, allowing an attacker to inject malicious scripts or code into the system. This flaw results from an inadequate implementation of security controls in the input handling routine, exposing the application to various attack vectors, such as cross-site scripting (XSS) and command injection. If successfully exploited, this vulnerability could allow attackers to manipulate application behavior, steal sensitive data, or compromise the entire system.",None
